Time [s],Conversion X [-]
-6.9313683578465595,-0.0008389605074687889
134.82882065573872,0.296938817270309
234.06095296524848,0.3961980765295683
305.965741287655,0.46370370370370373
463.23992520387816,0.5621240024554942
666.4295294566838,0.6213832617147534
891.9078558771412,0.6622222222222223
1173.0655640874188,0.6725925925925926
1483.75664500886,0.6807407407407408
1799.1730655640874,0.682962962962963
